id,quote_text,source_book,chapter,theme,tone,platform_recommendation,cta,footer,hashtags
quote_0001,The Father is greater than I.,Framing Jesus,Introduction,Jesus vs Yahweh,prophetic,all,Read the book,www.ansiloboff.com,"#RediscoverJesus, #SpiritualTruth, #TruthSeeker"
quote_0002,Why call me good? Only God is good.,Framing Jesus,Introduction,divine potential,gentle,all,Learn more,www.ansiloboff.com,"#RediscoverJesus, #SpiritualTruth, #TruthSeeker, #DivinePotential, #YouAreGods, #Consciousness, #RealityCreation"
quote_0003,Father... you are the only true God.,Framing Jesus,Introduction,Father's love,empathetic,facebook,Share your thoughts below,www.ansiloboff.com,"#RediscoverJesus, #SpiritualTruth, #TruthSeeker, #FathersLove, #TrueGod, #LoveNotFear, #Restoration"
quote_0004,What if everything you thought you knew about Jesus is based on edited texts?,Framing Jesus,Introduction,textual changes,challenging,instagram,Follow for more truth,www.ansiloboff.com,"#RediscoverJesus, #SpiritualTruth, #TruthSeeker"
quote_0005,The pattern shows a consistent trajectory—Jesus being gradually elevated from subordinate to co-equal.,Framing Jesus,Chapter 1,manuscript evidence,revelatory,all,Visit www.ansiloboff.com,www.ansiloboff.com,"#RediscoverJesus, #SpiritualTruth, #TruthSeeker"
quote_0006,Irenaeus quoted Luke saying 'the Father is the Creator of all'—a verse that no longer exists in any modern Bible.,Framing Jesus,Chapter 1,textual changes,bold,instagram,Double tap if this resonates,www.ansiloboff.com,"#RediscoverJesus, #SpiritualTruth, #TruthSeeker"
quote_0007,"If eternal conscious torment is true, then the gospel isn't good news—it's COSMIC BLACKMAIL.",Escape the Hell Myth,Introduction,hell myth,defiant,facebook,Share your thoughts below,www.ansiloboff.com,"#RediscoverJesus, #SpiritualTruth, #TruthSeeker, #HellMyth, #EternalFire, #LoveNotFear, #NoMoreFear"
quote_0008,But Jesus never preached blackmail. He preached love that refuses to fail.,Escape the Hell Myth,Introduction,Father's love,empathetic,facebook,What do you think?,www.ansiloboff.com,"#RediscoverJesus, #SpiritualTruth, #TruthSeeker, #FathersLove, #TrueGod, #LoveNotFear, #Restoration"
quote_0009,No child ever imagines eternal flames. They have to be taught to.,Escape the Hell Myth,Chapter 1,hell myth,gentle,facebook,Comment below,www.ansiloboff.com,"#RediscoverJesus, #SpiritualTruth, #TruthSeeker, #HellMyth, #EternalFire, #LoveNotFear, #NoMoreFear"
quote_0010,The fire of Jesus reveals; it doesn't destroy.,Escape the Hell Myth,Chapter 1,healing,prophetic,all,Visit www.ansiloboff.com,www.ansiloboff.com,"#RediscoverJesus, #SpiritualTruth, #TruthSeeker, #Healing, #SpiritualHealing, #Transformation, #Recovery"
quote_0011,"Hell, as eternal torture, was invented. Born from mistranslation, political convenience, and the human need to control through fear.",Escape the Hell Myth,Chapter 1,hell myth,bold,facebook,Share your thoughts below,www.ansiloboff.com,"#RediscoverJesus, #SpiritualTruth, #TruthSeeker, #HellMyth, #EternalFire, #LoveNotFear, #NoMoreFear"
quote_0012,The real hellfire wasn't beneath the earth. It was the fear inside believers.,Escape the Hell Myth,Chapter 1,fear vs love,healing,facebook,Share your thoughts below,www.ansiloboff.com,"#RediscoverJesus, #SpiritualTruth, #TruthSeeker"
quote_0013,"If I make my bed in Sheol, behold, You are there.",Escape the Hell Myth,Chapter 1,Father's love,empathetic,instagram,Follow for more truth,www.ansiloboff.com,"#RediscoverJesus, #SpiritualTruth, #TruthSeeker, #FathersLove, #TrueGod, #LoveNotFear, #Restoration"
quote_0014,You are gods. That's what Jesus said. Out loud. In front of witnesses.,Reality Unveiled,Introduction,divine potential,bold,all,Visit www.ansiloboff.com,www.ansiloboff.com,"#RediscoverJesus, #SpiritualTruth, #TruthSeeker, #DivinePotential, #YouAreGods, #Consciousness, #RealityCreation"
quote_0015,The universe you've been living in? It's not what they told you it was.,Reality Unveiled,Introduction,consciousness,revelatory,tiktok,Follow for more,www.ansiloboff.com,"#RediscoverJesus, #SpiritualTruth, #TruthSeeker, #Consciousness, #QuantumConsciousness, #MindOverMatter, #Reality"
quote_0016,Consciousness cannot be removed from the equation. The observer and the observed cannot be neatly separated.,Reality Unveiled,Chapter 1,consciousness,prophetic,tiktok,What do you think?,www.ansiloboff.com,"#RediscoverJesus, #SpiritualTruth, #TruthSeeker, #Consciousness, #QuantumConsciousness, #MindOverMatter, #Reality"
quote_0017,The Kingdom of God is within you.,Reality Unveiled,Chapter 1,divine potential,gentle,all,Discover the full story,www.ansiloboff.com,"#RediscoverJesus, #SpiritualTruth, #TruthSeeker, #DivinePotential, #YouAreGods, #Consciousness, #RealityCreation"
quote_0018,"If you have faith as small as a mustard seed, you can say to this mountain, 'Move from here to there,' and it will move.",Reality Unveiled,Chapter 1,reality creation,empowering,tiktok,Share if this resonated,www.ansiloboff.com,"#RediscoverJesus, #SpiritualTruth, #TruthSeeker"
quote_0019,"You are not what you've been told you are. You are infinitely more powerful, more connected, and more divine.",Reality Unveiled,Chapter 1,divine potential,empowering,all,Visit www.ansiloboff.com,www.ansiloboff.com,"#RediscoverJesus, #SpiritualTruth, #TruthSeeker, #DivinePotential, #YouAreGods, #Consciousness, #RealityCreation"
quote_0020,"Which of you, if his son asks for bread, will give him a stone?",Liberating Humanity,Chapter 1,Jesus vs Yahweh,challenging,facebook,Tag someone who needs to hear this,www.ansiloboff.com,"#RediscoverJesus, #SpiritualTruth, #TruthSeeker"
quote_0021,Jesus didn't just say Yahweh wasn't his Father… he practically screamed it.,Liberating Humanity,Chapter 1,Jesus vs Yahweh,bold,instagram,Follow for more truth,www.ansiloboff.com,"#RediscoverJesus, #SpiritualTruth, #TruthSeeker"
quote_0022,"Do not swear at all. Let your 'Yes' be yes and your 'No,' no.",Liberating Humanity,Chapter 1,freedom,prophetic,all,Discover the full story,www.ansiloboff.com,"#RediscoverJesus, #SpiritualTruth, #TruthSeeker, #Freedom, #Liberation, #FreeFromFear, #SpiritualFreedom"
quote_0023,Jesus called Yahweh evil!,Liberating Humanity,Chapter 1,Jesus vs Yahweh,defiant,all,Read the book,www.ansiloboff.com,"#RediscoverJesus, #SpiritualTruth, #TruthSeeker"
quote_0024,Truth doesn't tiptoe in asking for permission. It kicks down the door like a wrecking ball.,Reality Unveiled,Introduction,truth,bold,all,Visit www.ansiloboff.com,www.ansiloboff.com,"#RediscoverJesus, #SpiritualTruth, #TruthSeeker, #Truth, #HonestFaith, #QuestionEverything, #SeekTruth"
quote_0025,The materialist worldview isn't just scientifically inadequate—it's spiritually destructive.,Reality Unveiled,Chapter 1,consciousness,challenging,tiktok,What do you think?,www.ansiloboff.com,"#RediscoverJesus, #SpiritualTruth, #TruthSeeker, #Consciousness, #QuantumConsciousness, #MindOverMatter, #Reality"
quote_0026,What if the historical Jesus emphasized the Father's supremacy and invited us to follow His example?,Framing Jesus,Introduction,divine potential,revelatory,all,Visit www.ansiloboff.com,www.ansiloboff.com,"#RediscoverJesus, #SpiritualTruth, #TruthSeeker, #DivinePotential, #YouAreGods, #Consciousness, #RealityCreation"
quote_0027,"Jesus' actual message might be MORE radical, MORE empowering, than we've been fooled into believing!",Framing Jesus,Introduction,empowerment,empowering,all,Visit www.ansiloboff.com,www.ansiloboff.com,"#RediscoverJesus, #SpiritualTruth, #TruthSeeker"
quote_0028,Love becomes obligation. Worship becomes negotiation. Prayer becomes panic.,Escape the Hell Myth,Chapter 1,fear vs love,raw,facebook,Share your thoughts below,www.ansiloboff.com,"#RediscoverJesus, #SpiritualTruth, #TruthSeeker"
quote_0029,The fire of love and the fire of fear cannot coexist. One will always consume the other.,Escape the Hell Myth,Chapter 1,fear vs love,prophetic,facebook,Comment below,www.ansiloboff.com,"#RediscoverJesus, #SpiritualTruth, #TruthSeeker"
quote_0030,"And love... true, self-emptying love... is the hotter flame.",Escape the Hell Myth,Chapter 1,Father's love,empathetic,all,Read the book,www.ansiloboff.com,"#RediscoverJesus, #SpiritualTruth, #TruthSeeker, #FathersLove, #TrueGod, #LoveNotFear, #Restoration"
quote_0031,"This isn't just another step in your spiritual journey. This is you, coming home.",Reality Unveiled,Introduction,transformation,healing,instagram,Save this post,www.ansiloboff.com,"#RediscoverJesus, #SpiritualTruth, #TruthSeeker, #Transformation, #SpiritualAwakening, #Awakening, #NewPerspective"
quote_0032,"Jesus revealed a Father who restores, not destroys.",Escape the Hell Myth,Introduction,Father's love,empathetic,instagram,Share with someone who needs this,www.ansiloboff.com,"#RediscoverJesus, #SpiritualTruth, #TruthSeeker, #FathersLove, #TrueGod, #LoveNotFear, #Restoration"
quote_0033,The truth about textual changes won't destroy your faith—it might finally set it free.,Framing Jesus,Introduction,freedom,healing,all,Visit www.ansiloboff.com,www.ansiloboff.com,"#RediscoverJesus, #SpiritualTruth, #TruthSeeker, #Freedom, #Liberation, #FreeFromFear, #SpiritualFreedom"
quote_0034,What if Jesus meant exactly what he said?,Liberating Humanity,Introduction,consciousness,revelatory,tiktok,Comment below,www.ansiloboff.com,"#RediscoverJesus, #SpiritualTruth, #TruthSeeker, #Truth, #HonestFaith, #QuestionEverything, #SeekTruth"
quote_0035,The evidence is undeniable and damning.,Reality Unveiled,Chapter 1,freedom,healing,tiktok,Share if this resonated,www.ansiloboff.com,"#RediscoverJesus, #SpiritualTruth, #TruthSeeker"
quote_0036,This isn't conspiracy theory. This is documented textual history.,Reality Unveiled,Chapter 1,Father's love,challenging,tiktok,Tag someone who needs to hear this,www.ansiloboff.com,"#RediscoverJesus, #SpiritualTruth, #TruthSeeker, #FathersLove, #TrueGod, #LoveNotFear, #Restoration"
quote_0037,Your suspicions were correct; the contradictions ARE real.,Escape the Hell Myth,Chapter 2,fear vs love,bold,facebook,What do you think?,www.ansiloboff.com,"#RediscoverJesus, #SpiritualTruth, #TruthSeeker, #Freedom, #Liberation, #FreeFromFear, #SpiritualFreedom"
quote_0038,Jesus wasn't just swapping out an angry God for a nice one.,Framing Jesus,Chapter 1,hell myth,gentle,facebook,Read the book,www.ansiloboff.com,"#RediscoverJesus, #SpiritualTruth, #TruthSeeker"
quote_0039,He was revealing who you actually are.,Liberating Humanity,Introduction,Father's love,bold,facebook,Learn more,www.ansiloboff.com,"#RediscoverJesus, #SpiritualTruth, #TruthSeeker, #Transformation, #SpiritualAwakening, #Awakening, #NewPerspective"
quote_0040,"Reality itself bends, flexes, and responds to consciousness.",Reality Unveiled,Chapter 1,transformation,revelatory,facebook,Share your thoughts below,www.ansiloboff.com,"#RediscoverJesus, #SpiritualTruth, #TruthSeeker, #Transformation, #SpiritualAwakening, #Awakening, #NewPerspective"
quote_0041,"The universe is far less solid, far less 'fixed' than we were taught.",Escape the Hell Myth,Chapter 2,reality creation,healing,tiktok,Discover the full story,www.ansiloboff.com,"#RediscoverJesus, #SpiritualTruth, #TruthSeeker, #Freedom, #Liberation, #FreeFromFear, #SpiritualFreedom"
quote_0042,Mind is not bound by matter.,Escape the Hell Myth,Introduction,healing,empowering,facebook,Share your thoughts below,www.ansiloboff.com,"#RediscoverJesus, #SpiritualTruth, #TruthSeeker"
quote_0043,Consciousness operates far beyond the brain's gray matter.,Liberating Humanity,Introduction,consciousness,healing,tiktok,Tag someone who needs to hear this,www.ansiloboff.com,"#RediscoverJesus, #SpiritualTruth, #TruthSeeker"
quote_0044,What looked like exclusive divine power was actually a level of consciousness available to humans.,Liberating Humanity,Introduction,healing,prophetic,instagram,Share your thoughts below,www.ansiloboff.com,"#RediscoverJesus, #SpiritualTruth, #TruthSeeker, #Healing, #SpiritualHealing, #Transformation, #Recovery"
quote_0045,Jesus gave authority to human beings.,Escape the Hell Myth,Chapter 1,transformation,prophetic,instagram,Read the book,www.ansiloboff.com,"#RediscoverJesus, #SpiritualTruth, #TruthSeeker, #Healing, #SpiritualHealing, #Transformation, #Recovery"
quote_0046,You create reality through consciousness.,Liberating Humanity,Chapter 1,healing,prophetic,all,Share if this resonated,www.ansiloboff.com,"#RediscoverJesus, #SpiritualTruth, #TruthSeeker"
quote_0047,The abilities you've been told are impossible… they're accessible to everyone.,Reality Unveiled,Chapter 2,textual changes,empathetic,facebook,Visit www.ansiloboff.com,www.ansiloboff.com,"#RediscoverJesus, #SpiritualTruth, #TruthSeeker, #Freedom, #Liberation, #FreeFromFear, #SpiritualFreedom"
quote_0048,Jesus' teachings point to consciousness as the bedrock of reality.,Framing Jesus,Chapter 2,textual changes,transformative,all,Share if this resonated,www.ansiloboff.com,"#RediscoverJesus, #SpiritualTruth, #TruthSeeker"
quote_0049,The veil between science and spirituality is thinning.,Framing Jesus,Chapter 1,fear vs love,challenging,facebook,Visit www.ansiloboff.com,www.ansiloboff.com,"#RediscoverJesus, #SpiritualTruth, #TruthSeeker, #Consciousness, #QuantumConsciousness, #MindOverMatter, #Reality"
quote_0050,You have more creative power at your fingertips than you've been allowed to imagine.,Escape the Hell Myth,Introduction,reality creation,revelatory,tiktok,Follow for more,www.ansiloboff.com,"#RediscoverJesus, #SpiritualTruth, #TruthSeeker, #Freedom, #Liberation, #FreeFromFear, #SpiritualFreedom"
quote_0051,"The universe you're about to discover is infinitely more wondrous, more alive.",Framing Jesus,Introduction,hell myth,bold,facebook,Visit www.ansiloboff.com,www.ansiloboff.com,"#RediscoverJesus, #SpiritualTruth, #TruthSeeker, #DivinePotential, #YouAreGods, #Consciousness, #RealityCreation"
quote_0052,Truth is like water finding cracks in concrete. It keeps seeping through.,Liberating Humanity,Chapter 1,fear vs love,bold,facebook,Follow for more truth,www.ansiloboff.com,"#RediscoverJesus, #SpiritualTruth, #TruthSeeker, #Transformation, #SpiritualAwakening, #Awakening, #NewPerspective"
quote_0053,Church councils watered it down. Empires buried it under tons of dogma.,Reality Unveiled,Chapter 2,Jesus vs Yahweh,empowering,instagram,Comment your thoughts,www.ansiloboff.com,"#RediscoverJesus, #SpiritualTruth, #TruthSeeker"
quote_0054,Jesus' actual teachings are powerful beyond measure.,Liberating Humanity,Introduction,reality creation,gentle,facebook,Share with someone who needs this,www.ansiloboff.com,"#RediscoverJesus, #SpiritualTruth, #TruthSeeker, #Consciousness, #QuantumConsciousness, #MindOverMatter, #Reality"
quote_0055,"They reveal who you are RIGHT NOW: an intrinsic, creative, reality-shaping force.",Framing Jesus,Introduction,truth,empowering,facebook,Visit www.ansiloboff.com,www.ansiloboff.com,"#RediscoverJesus, #SpiritualTruth, #TruthSeeker"
quote_0056,Understanding these truths is just the beginning.,Reality Unveiled,Chapter 2,reality creation,empowering,facebook,Tag someone who needs to hear this,www.ansiloboff.com,"#RediscoverJesus, #SpiritualTruth, #TruthSeeker"
quote_0057,Knowing you're a god is one thing. Acting like one… that's where the magic happens.,Liberating Humanity,Introduction,manuscript evidence,prophetic,facebook,Follow for more,www.ansiloboff.com,"#RediscoverJesus, #SpiritualTruth, #TruthSeeker, #FathersLove, #TrueGod, #LoveNotFear, #Restoration"
quote_0058,This journey is going to mess with your head. In the best way.,Reality Unveiled,Chapter 1,Father's love,empathetic,facebook,Visit www.ansiloboff.com,www.ansiloboff.com,"#RediscoverJesus, #SpiritualTruth, #TruthSeeker, #Transformation, #SpiritualAwakening, #Awakening, #NewPerspective"
quote_0059,The universe is fluid. Responsive. Alive.,Framing Jesus,Chapter 2,freedom,empathetic,facebook,Follow for more truth,www.ansiloboff.com,"#RediscoverJesus, #SpiritualTruth, #TruthSeeker, #Transformation, #SpiritualAwakening, #Awakening, #NewPerspective"
quote_0060,And it's intimately entangled with consciousness… with your consciousness.,Framing Jesus,Introduction,reality creation,transformative,instagram,Read the book,www.ansiloboff.com,"#RediscoverJesus, #SpiritualTruth, #TruthSeeker, #Transformation, #SpiritualAwakening, #Awakening, #NewPerspective"
quote_0061,Every one of these phenomena is a crack in the wall of 'official reality.',Escape the Hell Myth,Introduction,healing,healing,all,Tag someone who needs to hear this,www.ansiloboff.com,"#RediscoverJesus, #SpiritualTruth, #TruthSeeker, #FathersLove, #TrueGod, #LoveNotFear, #Restoration"
quote_0062,"Through those cracks, an uncomfortable truth keeps blazing through.",Escape the Hell Myth,Chapter 2,Jesus vs Yahweh,healing,instagram,Save this post,www.ansiloboff.com,"#RediscoverJesus, #SpiritualTruth, #TruthSeeker, #HellMyth, #EternalFire, #LoveNotFear, #NoMoreFear"
quote_0063,The materialist paradigm is collapsing before our eyes.,Escape the Hell Myth,Chapter 1,Jesus vs Yahweh,gentle,instagram,Learn more,www.ansiloboff.com,"#RediscoverJesus, #SpiritualTruth, #TruthSeeker, #DivinePotential, #YouAreGods, #Consciousness, #RealityCreation"
quote_0064,Science itself has now begun to shatter materialism from within.,Escape the Hell Myth,Chapter 1,consciousness,challenging,all,Discover the full story,www.ansiloboff.com,"#RediscoverJesus, #SpiritualTruth, #TruthSeeker"
quote_0065,Particles behave like stage actors who freeze until the spotlight hits them.,Liberating Humanity,Introduction,reality creation,bold,all,What do you think?,www.ansiloboff.com,"#RediscoverJesus, #SpiritualTruth, #TruthSeeker, #Healing, #SpiritualHealing, #Transformation, #Recovery"
quote_0066,Things in this universe behave differently when observed to when no-one is looking!,Escape the Hell Myth,Introduction,fear vs love,challenging,instagram,Discover the full story,www.ansiloboff.com,"#RediscoverJesus, #SpiritualTruth, #TruthSeeker, #Healing, #SpiritualHealing, #Transformation, #Recovery"
quote_0067,"If children who have never uttered a syllable can read our private thoughts, then consciousness is certainly not chained to grey matter.",Liberating Humanity,Introduction,truth,bold,all,Visit www.ansiloboff.com,www.ansiloboff.com,"#RediscoverJesus, #SpiritualTruth, #TruthSeeker, #Freedom, #Liberation, #FreeFromFear, #SpiritualFreedom"
quote_0068,"The kingdom is inside you. At last, the equations are starting to catch up.",Liberating Humanity,Chapter 2,truth,empowering,facebook,Comment below,www.ansiloboff.com,"#RediscoverJesus, #SpiritualTruth, #TruthSeeker"
quote_0069,Consciousness cannot be removed from the equation.,Reality Unveiled,Chapter 1,fear vs love,defiant,tiktok,Visit www.ansiloboff.com,www.ansiloboff.com,"#RediscoverJesus, #SpiritualTruth, #TruthSeeker"
quote_0070,Our consciousness is somehow fundamentally involved in manifesting reality itself.,Liberating Humanity,Chapter 1,freedom,empowering,instagram,Share your thoughts below,www.ansiloboff.com,"#RediscoverJesus, #SpiritualTruth, #TruthSeeker"
quote_0071,"If mind comes first, matter second: suddenly we are not biological machines.",Framing Jesus,Chapter 1,freedom,defiant,facebook,Comment below,www.ansiloboff.com,"#RediscoverJesus, #SpiritualTruth, #TruthSeeker, #FathersLove, #TrueGod, #LoveNotFear, #Restoration"
quote_0072,We are boundless awareness wearing a temporary suit of flesh and bone.,Reality Unveiled,Chapter 2,Father's love,healing,all,What do you think?,www.ansiloboff.com,"#RediscoverJesus, #SpiritualTruth, #TruthSeeker"
quote_0073,"Consciousness as the foundation, not the decoration.",Liberating Humanity,Chapter 1,consciousness,empowering,all,Comment below,www.ansiloboff.com,"#RediscoverJesus, #SpiritualTruth, #TruthSeeker, #Truth, #HonestFaith, #QuestionEverything, #SeekTruth"
quote_0074,We've been operating at about 5% of our actual capacity.,Liberating Humanity,Chapter 2,reality creation,healing,facebook,Comment below,www.ansiloboff.com,"#RediscoverJesus, #SpiritualTruth, #TruthSeeker, #Healing, #SpiritualHealing, #Transformation, #Recovery"
quote_0075,The same abilities that seemed like miraculous impossibilities… these aren't supernatural events.,Reality Unveiled,Chapter 1,manuscript evidence,bold,instagram,Comment your thoughts,www.ansiloboff.com,"#RediscoverJesus, #SpiritualTruth, #TruthSeeker, #Freedom, #Liberation, #FreeFromFear, #SpiritualFreedom"
quote_0076,They're evidence of extended consciousness operating beyond the brain.,Reality Unveiled,Chapter 1,freedom,revelatory,all,What do you think?,www.ansiloboff.com,"#RediscoverJesus, #SpiritualTruth, #TruthSeeker, #Freedom, #Liberation, #FreeFromFear, #SpiritualFreedom"
quote_0077,Could it be that ALL OF THESE are within the reach of every single one of us?,Framing Jesus,Chapter 1,reality creation,bold,all,Learn more,www.ansiloboff.com,"#RediscoverJesus, #SpiritualTruth, #TruthSeeker"
quote_0078,The veil between science and spirituality is thinning.,Liberating Humanity,Chapter 1,Father's love,defiant,facebook,Visit www.ansiloboff.com,www.ansiloboff.com,"#RediscoverJesus, #SpiritualTruth, #TruthSeeker, #Freedom, #Liberation, #FreeFromFear, #SpiritualFreedom"
quote_0079,"You are infinitely more powerful, more connected, and more divine than you've been led to believe.",Reality Unveiled,Chapter 2,healing,empathetic,instagram,Save this post,www.ansiloboff.com,"#RediscoverJesus, #SpiritualTruth, #TruthSeeker, #FathersLove, #TrueGod, #LoveNotFear, #Restoration"
quote_0080,The old worldview is shattering.,Framing Jesus,Chapter 2,freedom,empathetic,instagram,What do you think?,www.ansiloboff.com,"#RediscoverJesus, #SpiritualTruth, #TruthSeeker, #Consciousness, #QuantumConsciousness, #MindOverMatter, #Reality"
quote_0081,"For centuries, materialism has dominated Western thought with a simple, devastating claim.",Framing Jesus,Chapter 1,truth,revelatory,instagram,Share your thoughts below,www.ansiloboff.com,"#RediscoverJesus, #SpiritualTruth, #TruthSeeker"
quote_0082,That claim is dissolving under scientific evidence.,Liberating Humanity,Chapter 2,healing,challenging,facebook,Follow for more,www.ansiloboff.com,"#RediscoverJesus, #SpiritualTruth, #TruthSeeker, #Transformation, #SpiritualAwakening, #Awakening, #NewPerspective"
quote_0083,All pointing to the same truth: consciousness operates far beyond the brain's gray matter.,Escape the Hell Myth,Chapter 2,Father's love,bold,tiktok,Follow for more truth,www.ansiloboff.com,"#RediscoverJesus, #SpiritualTruth, #TruthSeeker"
quote_0084,The pillars have crumbled completely.,Escape the Hell Myth,Chapter 1,freedom,bold,facebook,Follow for more truth,www.ansiloboff.com,"#RediscoverJesus, #SpiritualTruth, #TruthSeeker, #Consciousness, #QuantumConsciousness, #MindOverMatter, #Reality"
quote_0085,Consciousness cannot be produced by neurons.,Liberating Humanity,Introduction,textual changes,defiant,facebook,Save this post,www.ansiloboff.com,"#RediscoverJesus, #SpiritualTruth, #TruthSeeker, #HellMyth, #EternalFire, #LoveNotFear, #NoMoreFear"
quote_0086,Mind is not bound by matter.,Reality Unveiled,Introduction,consciousness,challenging,instagram,Discover the full story,www.ansiloboff.com,"#RediscoverJesus, #SpiritualTruth, #TruthSeeker, #Healing, #SpiritualHealing, #Transformation, #Recovery"
quote_0087,"Jesus mapped this territory 2,000 years ago.",Framing Jesus,Chapter 1,consciousness,defiant,tiktok,Visit www.ansiloboff.com,www.ansiloboff.com,"#RediscoverJesus, #SpiritualTruth, #TruthSeeker, #Healing, #SpiritualHealing, #Transformation, #Recovery"
quote_0088,The teaching that 'the kingdom of God is within you'… it wasn't mystical poetry.,Reality Unveiled,Chapter 2,Jesus vs Yahweh,empowering,facebook,What do you think?,www.ansiloboff.com,"#RediscoverJesus, #SpiritualTruth, #TruthSeeker, #DivinePotential, #YouAreGods, #Consciousness, #RealityCreation"
quote_0089,It was an accurate blueprint of reality.,Escape the Hell Myth,Introduction,Father's love,gentle,facebook,Save this post,www.ansiloboff.com,"#RediscoverJesus, #SpiritualTruth, #TruthSeeker, #Consciousness, #QuantumConsciousness, #MindOverMatter, #Reality"
quote_0090,"When Jesus gave 'authority to human beings,' he was revealing your true capacity.",Reality Unveiled,Chapter 2,Father's love,challenging,instagram,What do you think?,www.ansiloboff.com,"#RediscoverJesus, #SpiritualTruth, #TruthSeeker"
quote_0091,You create reality through consciousness.,Escape the Hell Myth,Chapter 2,hell myth,defiant,facebook,What do you think?,www.ansiloboff.com,"#RediscoverJesus, #SpiritualTruth, #TruthSeeker"
quote_0092,What lies ahead? Quantum physics reveals your power.,Liberating Humanity,Chapter 1,manuscript evidence,bold,tiktok,What do you think?,www.ansiloboff.com,"#RediscoverJesus, #SpiritualTruth, #TruthSeeker, #Truth, #HonestFaith, #QuestionEverything, #SeekTruth"
quote_0093,Near-death experiences show consciousness transcending the body.,Reality Unveiled,Introduction,truth,empowering,tiktok,What do you think?,www.ansiloboff.com,"#RediscoverJesus, #SpiritualTruth, #TruthSeeker"
quote_0094,Reincarnation evidence proves the journey continues.,Reality Unveiled,Chapter 2,healing,healing,instagram,Follow for more,www.ansiloboff.com,"#RediscoverJesus, #SpiritualTruth, #TruthSeeker"
quote_0095,The abilities you've been told are impossible… they're not only possible… they're accessible to everyone.,Reality Unveiled,Chapter 2,hell myth,empowering,facebook,Share if this resonated,www.ansiloboff.com,"#RediscoverJesus, #SpiritualTruth, #TruthSeeker, #Transformation, #SpiritualAwakening, #Awakening, #NewPerspective"
quote_0096,The evidence points to one truth.,Escape the Hell Myth,Chapter 2,Father's love,gentle,instagram,Visit www.ansiloboff.com,www.ansiloboff.com,"#RediscoverJesus, #SpiritualTruth, #TruthSeeker, #Freedom, #Liberation, #FreeFromFear, #SpiritualFreedom"
quote_0097,Jesus' words were co-opted.,Liberating Humanity,Chapter 1,manuscript evidence,revelatory,instagram,Share if this resonated,www.ansiloboff.com,"#RediscoverJesus, #SpiritualTruth, #TruthSeeker"
quote_0098,His metaphors were literalized.,Liberating Humanity,Chapter 1,truth,empowering,tiktok,Follow for more,www.ansiloboff.com,"#RediscoverJesus, #SpiritualTruth, #TruthSeeker"
quote_0099,His Father was misrepresented.,Reality Unveiled,Introduction,truth,prophetic,instagram,Follow for more truth,www.ansiloboff.com,"#RediscoverJesus, #SpiritualTruth, #TruthSeeker"
quote_0100,The next chapters will trace how misunderstanding hardened into dogma.,Reality Unveiled,Chapter 1,healing,bold,tiktok,Learn more,www.ansiloboff.com,"#RediscoverJesus, #SpiritualTruth, #TruthSeeker"
quote_0101,How Jesus' own message can still set us free.,Liberating Humanity,Chapter 1,Jesus vs Yahweh,transformative,instagram,Read the book,www.ansiloboff.com,"#RediscoverJesus, #SpiritualTruth, #TruthSeeker"
quote_0102,The flames we've feared all our lives were never meant to scare us into heaven.,Reality Unveiled,Chapter 2,truth,revelatory,instagram,What do you think?,www.ansiloboff.com,"#RediscoverJesus, #SpiritualTruth, #TruthSeeker, #Transformation, #SpiritualAwakening, #Awakening, #NewPerspective"
quote_0103,They were meant to burn away the lies.,Liberating Humanity,Chapter 1,freedom,gentle,all,Read the book,www.ansiloboff.com,"#RediscoverJesus, #SpiritualTruth, #TruthSeeker, #HellMyth, #EternalFire, #LoveNotFear, #NoMoreFear"
quote_0104,That kept us from seeing heaven already within.,Reality Unveiled,Introduction,freedom,prophetic,facebook,Learn more,www.ansiloboff.com,"#RediscoverJesus, #SpiritualTruth, #TruthSeeker, #Truth, #HonestFaith, #QuestionEverything, #SeekTruth"
quote_0105,This discovery rattled me to my core.,Reality Unveiled,Introduction,truth,empowering,instagram,Read the book,www.ansiloboff.com,"#RediscoverJesus, #SpiritualTruth, #TruthSeeker, #DivinePotential, #YouAreGods, #Consciousness, #RealityCreation"
quote_0106,I expect it may rattle you too.,Escape the Hell Myth,Chapter 2,Father's love,challenging,tiktok,Share your thoughts below,www.ansiloboff.com,"#RediscoverJesus, #SpiritualTruth, #TruthSeeker, #FathersLove, #TrueGod, #LoveNotFear, #Restoration"
quote_0107,"If you feel your heart rate rising, breathe.",Framing Jesus,Chapter 1,healing,revelatory,instagram,Comment below,www.ansiloboff.com,"#RediscoverJesus, #SpiritualTruth, #TruthSeeker, #Truth, #HonestFaith, #QuestionEverything, #SeekTruth"
quote_0108,I've been there.,Liberating Humanity,Introduction,consciousness,prophetic,facebook,Save this post,www.ansiloboff.com,"#RediscoverJesus, #SpiritualTruth, #TruthSeeker, #Consciousness, #QuantumConsciousness, #MindOverMatter, #Reality"
quote_0109,I've whispered into the darkness.,Escape the Hell Myth,Chapter 2,fear vs love,prophetic,all,Tag someone who needs to hear this,www.ansiloboff.com,"#RediscoverJesus, #SpiritualTruth, #TruthSeeker, #Consciousness, #QuantumConsciousness, #MindOverMatter, #Reality"
quote_0110,Follow the truth wherever it leads.,Escape the Hell Myth,Introduction,truth,gentle,all,Share with someone who needs this,www.ansiloboff.com,"#RediscoverJesus, #SpiritualTruth, #TruthSeeker, #DivinePotential, #YouAreGods, #Consciousness, #RealityCreation"
quote_0111,I'm not afraid of honest questions.,Reality Unveiled,Introduction,Jesus vs Yahweh,empowering,facebook,Read the book,www.ansiloboff.com,"#RediscoverJesus, #SpiritualTruth, #TruthSeeker, #Transformation, #SpiritualAwakening, #Awakening, #NewPerspective"
quote_0112,I've witnessed the power of scriptural texts firsthand.,Reality Unveiled,Chapter 2,healing,challenging,facebook,Share your thoughts below,www.ansiloboff.com,"#RediscoverJesus, #SpiritualTruth, #TruthSeeker, #DivinePotential, #YouAreGods, #Consciousness, #RealityCreation"
quote_0113,The kind of power that heals bodies.,Escape the Hell Myth,Introduction,divine potential,empowering,facebook,Read the book,www.ansiloboff.com,"#RediscoverJesus, #SpiritualTruth, #TruthSeeker"
quote_0114,Calms anxious minds.,Reality Unveiled,Introduction,consciousness,empowering,facebook,Tag someone who needs to hear this,www.ansiloboff.com,"#RediscoverJesus, #SpiritualTruth, #TruthSeeker, #HellMyth, #EternalFire, #LoveNotFear, #NoMoreFear"
quote_0115,Turns lives around like a spiritual U-turn.,Reality Unveiled,Introduction,divine potential,revelatory,tiktok,Learn more,www.ansiloboff.com,"#RediscoverJesus, #SpiritualTruth, #TruthSeeker, #Transformation, #SpiritualAwakening, #Awakening, #NewPerspective"
quote_0116,"But now, those same scriptures lay before me like a sacred mystery.",Framing Jesus,Chapter 2,healing,transformative,instagram,Share your thoughts below,www.ansiloboff.com,"#RediscoverJesus, #SpiritualTruth, #TruthSeeker"
quote_0117,"Everywhere I looked, I saw smudges.",Reality Unveiled,Introduction,Jesus vs Yahweh,gentle,facebook,Double tap if this resonates,www.ansiloboff.com,"#RediscoverJesus, #SpiritualTruth, #TruthSeeker, #Transformation, #SpiritualAwakening, #Awakening, #NewPerspective"
quote_0118,Erasures.,Reality Unveiled,Chapter 2,manuscript evidence,bold,instagram,Comment below,www.ansiloboff.com,"#RediscoverJesus, #SpiritualTruth, #TruthSeeker, #Healing, #SpiritualHealing, #Transformation, #Recovery"
quote_0119,Suspicious edits.,Escape the Hell Myth,Chapter 2,hell myth,empathetic,facebook,Read the book,www.ansiloboff.com,"#RediscoverJesus, #SpiritualTruth, #TruthSeeker, #Transformation, #SpiritualAwakening, #Awakening, #NewPerspective"
quote_0120,My task is to dust for fingerprints.,Liberating Humanity,Introduction,consciousness,prophetic,facebook,Share if this resonated,www.ansiloboff.com,"#RediscoverJesus, #SpiritualTruth, #TruthSeeker"
quote_0121,People have been wrestling with this question for two millennia.,Escape the Hell Myth,Chapter 2,Jesus vs Yahweh,empowering,facebook,Visit www.ansiloboff.com,www.ansiloboff.com,"#RediscoverJesus, #SpiritualTruth, #TruthSeeker, #Truth, #HonestFaith, #QuestionEverything, #SeekTruth"
quote_0122,The answers have been creative.,Liberating Humanity,Introduction,reality creation,bold,instagram,Comment your thoughts,www.ansiloboff.com,"#RediscoverJesus, #SpiritualTruth, #TruthSeeker"
quote_0123,Was he just a human?,Escape the Hell Myth,Introduction,transformation,gentle,tiktok,Tag someone who needs to hear this,www.ansiloboff.com,"#RediscoverJesus, #SpiritualTruth, #TruthSeeker, #Freedom, #Liberation, #FreeFromFear, #SpiritualFreedom"
quote_0124,Was he God in disguise?,Reality Unveiled,Chapter 2,transformation,gentle,all,Share your thoughts below,www.ansiloboff.com,"#RediscoverJesus, #SpiritualTruth, #TruthSeeker, #FathersLove, #TrueGod, #LoveNotFear, #Restoration"
quote_0125,Did he have a human body but divine superpowers?,Liberating Humanity,Introduction,hell myth,challenging,instagram,Save this post,www.ansiloboff.com,"#RediscoverJesus, #SpiritualTruth, #TruthSeeker, #DivinePotential, #YouAreGods, #Consciousness, #RealityCreation"
quote_0126,The theological debates make today's social media arguments look polite.,Reality Unveiled,Chapter 1,fear vs love,healing,all,Tag someone who needs to hear this,www.ansiloboff.com,"#RediscoverJesus, #SpiritualTruth, #TruthSeeker"
quote_0127,These weren't academic discussions over coffee.,Framing Jesus,Chapter 2,Jesus vs Yahweh,empowering,facebook,Save this post,www.ansiloboff.com,"#RediscoverJesus, #SpiritualTruth, #TruthSeeker, #Healing, #SpiritualHealing, #Transformation, #Recovery"
quote_0128,People fought and died defending their take.,Reality Unveiled,Chapter 1,reality creation,healing,instagram,Visit www.ansiloboff.com,www.ansiloboff.com,"#RediscoverJesus, #SpiritualTruth, #TruthSeeker"
quote_0129,"Take Docetism, for instance.",Escape the Hell Myth,Introduction,fear vs love,defiant,instagram,Comment your thoughts,www.ansiloboff.com,"#RediscoverJesus, #SpiritualTruth, #TruthSeeker"
quote_0130,The belief that Jesus only appeared to be human.,Reality Unveiled,Chapter 1,Father's love,empowering,instagram,What do you think?,www.ansiloboff.com,"#RediscoverJesus, #SpiritualTruth, #TruthSeeker, #Healing, #SpiritualHealing, #Transformation, #Recovery"
quote_0131,Like a divine avatar walking among us.,Reality Unveiled,Chapter 2,transformation,empathetic,tiktok,Follow for more truth,www.ansiloboff.com,"#RediscoverJesus, #SpiritualTruth, #TruthSeeker, #Transformation, #SpiritualAwakening, #Awakening, #NewPerspective"
quote_0132,This wasn't some fringe theory.,Liberating Humanity,Introduction,truth,transformative,tiktok,Double tap if this resonates,www.ansiloboff.com,"#RediscoverJesus, #SpiritualTruth, #TruthSeeker, #Freedom, #Liberation, #FreeFromFear, #SpiritualFreedom"
quote_0133,This was mainstream thinking among many early Christians.,Escape the Hell Myth,Chapter 1,divine potential,revelatory,all,Read the book,www.ansiloboff.com,"#RediscoverJesus, #SpiritualTruth, #TruthSeeker, #HellMyth, #EternalFire, #LoveNotFear, #NoMoreFear"
quote_0134,But here's where it gets interesting.,Liberating Humanity,Introduction,Jesus vs Yahweh,prophetic,all,Share if this resonated,www.ansiloboff.com,"#RediscoverJesus, #SpiritualTruth, #TruthSeeker, #Freedom, #Liberation, #FreeFromFear, #SpiritualFreedom"
quote_0135,The Apostle John absolutely destroys this view.,Reality Unveiled,Chapter 2,divine potential,bold,facebook,Share your thoughts below,www.ansiloboff.com,"#RediscoverJesus, #SpiritualTruth, #TruthSeeker, #Transformation, #SpiritualAwakening, #Awakening, #NewPerspective"
quote_0136,In what might be the most scathing theological takedown in the New Testament.,Reality Unveiled,Introduction,consciousness,empathetic,facebook,Double tap if this resonates,www.ansiloboff.com,"#RediscoverJesus, #SpiritualTruth, #TruthSeeker"
quote_0137,John is crystal clear.,Framing Jesus,Chapter 2,Father's love,healing,instagram,Learn more,www.ansiloboff.com,"#RediscoverJesus, #SpiritualTruth, #TruthSeeker, #DivinePotential, #YouAreGods, #Consciousness, #RealityCreation"
quote_0138,Anyone who doesn't acknowledge that Jesus came in the flesh.,Reality Unveiled,Introduction,transformation,bold,all,Comment below,www.ansiloboff.com,"#RediscoverJesus, #SpiritualTruth, #TruthSeeker, #DivinePotential, #YouAreGods, #Consciousness, #RealityCreation"
quote_0139,"As a real, actual human being.",Reality Unveiled,Chapter 1,reality creation,prophetic,facebook,Discover the full story,www.ansiloboff.com,"#RediscoverJesus, #SpiritualTruth, #TruthSeeker"
quote_0140,Is not just wrong.,Reality Unveiled,Introduction,hell myth,prophetic,instagram,Read the book,www.ansiloboff.com,"#RediscoverJesus, #SpiritualTruth, #TruthSeeker"
quote_0141,They're false.,Framing Jesus,Introduction,Jesus vs Yahweh,prophetic,instagram,Double tap if this resonates,www.ansiloboff.com,"#RediscoverJesus, #SpiritualTruth, #TruthSeeker, #FathersLove, #TrueGod, #LoveNotFear, #Restoration"
quote_0142,Not from God.,Escape the Hell Myth,Chapter 1,truth,revelatory,all,Comment your thoughts,www.ansiloboff.com,"#RediscoverJesus, #SpiritualTruth, #TruthSeeker"
quote_0143,He goes even further.,Escape the Hell Myth,Introduction,truth,prophetic,tiktok,Comment below,www.ansiloboff.com,"#RediscoverJesus, #SpiritualTruth, #TruthSeeker"
quote_0144,Claiming these ideas are shaped by an anti-Christ spirit.,Reality Unveiled,Chapter 1,freedom,bold,all,Comment below,www.ansiloboff.com,"#RediscoverJesus, #SpiritualTruth, #TruthSeeker, #Healing, #SpiritualHealing, #Transformation, #Recovery"
quote_0145,Talk about theological drama.,Reality Unveiled,Chapter 2,divine potential,empowering,facebook,Double tap if this resonates,www.ansiloboff.com,"#RediscoverJesus, #SpiritualTruth, #TruthSeeker"
quote_0146,We're talking about two pillars of early Christianity.,Framing Jesus,Chapter 1,Father's love,transformative,facebook,Visit www.ansiloboff.com,www.ansiloboff.com,"#RediscoverJesus, #SpiritualTruth, #TruthSeeker, #Consciousness, #QuantumConsciousness, #MindOverMatter, #Reality"
quote_0147,Essentially calling each other heretics.,Reality Unveiled,Chapter 2,freedom,transformative,facebook,Share if this resonated,www.ansiloboff.com,"#RediscoverJesus, #SpiritualTruth, #TruthSeeker, #Transformation, #SpiritualAwakening, #Awakening, #NewPerspective"
quote_0148,"Eventually, Christianity settled on what might be the most mind-bending theological concept ever conceived.",Reality Unveiled,Introduction,manuscript evidence,bold,facebook,Share your thoughts below,www.ansiloboff.com,"#RediscoverJesus, #SpiritualTruth, #TruthSeeker, #Healing, #SpiritualHealing, #Transformation, #Recovery"
quote_0149,The paradox that Jesus is simultaneously 100% human and 100% divine.,Framing Jesus,Chapter 2,Jesus vs Yahweh,prophetic,all,Comment below,www.ansiloboff.com,"#RediscoverJesus, #SpiritualTruth, #TruthSeeker, #DivinePotential, #YouAreGods, #Consciousness, #RealityCreation"
quote_0150,Don't think about it too hard.,Escape the Hell Myth,Chapter 1,consciousness,empathetic,all,Visit www.ansiloboff.com,www.ansiloboff.com,"#RediscoverJesus, #SpiritualTruth, #TruthSeeker, #Freedom, #Liberation, #FreeFromFear, #SpiritualFreedom"
quote_0151,That's the official recommendation.,Framing Jesus,Introduction,Jesus vs Yahweh,empathetic,all,Visit www.ansiloboff.com,www.ansiloboff.com,"#RediscoverJesus, #SpiritualTruth, #TruthSeeker, #Transformation, #SpiritualAwakening, #Awakening, #NewPerspective"
quote_0152,For keeping excruciating migraine headaches to a minimum.,Reality Unveiled,Chapter 2,Jesus vs Yahweh,empathetic,all,Comment your thoughts,www.ansiloboff.com,"#RediscoverJesus, #SpiritualTruth, #TruthSeeker, #DivinePotential, #YouAreGods, #Consciousness, #RealityCreation"
quote_0153,"Otherwise, you might find your head spinning.",Escape the Hell Myth,Chapter 2,healing,transformative,facebook,Share your thoughts below,www.ansiloboff.com,"#RediscoverJesus, #SpiritualTruth, #TruthSeeker, #HellMyth, #EternalFire, #LoveNotFear, #NoMoreFear"
quote_0154,Like a theological roulette wheel.,Framing Jesus,Chapter 2,consciousness,empathetic,all,Learn more,www.ansiloboff.com,"#RediscoverJesus, #SpiritualTruth, #TruthSeeker"
quote_0155,"This fully-God, fully-Man view was codified into the Nicene Creed.",Reality Unveiled,Introduction,consciousness,healing,all,Save this post,www.ansiloboff.com,"#RediscoverJesus, #SpiritualTruth, #TruthSeeker"
quote_0156,Around 325 CE.,Liberating Humanity,Introduction,fear vs love,healing,instagram,Share with someone who needs this,www.ansiloboff.com,"#RediscoverJesus, #SpiritualTruth, #TruthSeeker, #Truth, #HonestFaith, #QuestionEverything, #SeekTruth"
quote_0157,Basically the theological equivalent of a constitutional amendment.,Escape the Hell Myth,Introduction,fear vs love,healing,all,Double tap if this resonates,www.ansiloboff.com,"#RediscoverJesus, #SpiritualTruth, #TruthSeeker, #FathersLove, #TrueGod, #LoveNotFear, #Restoration"
quote_0158,That's been embedded in church doctrine ever since.,Escape the Hell Myth,Chapter 2,freedom,bold,tiktok,Comment your thoughts,www.ansiloboff.com,"#RediscoverJesus, #SpiritualTruth, #TruthSeeker, #Consciousness, #QuantumConsciousness, #MindOverMatter, #Reality"
quote_0159,But here's where the plot thickens.,Liberating Humanity,Introduction,manuscript evidence,empowering,all,Follow for more truth,www.ansiloboff.com,"#RediscoverJesus, #SpiritualTruth, #TruthSeeker, #Healing, #SpiritualHealing, #Transformation, #Recovery"
quote_0160,When exactly did Jesus get his divine status?,Escape the Hell Myth,Chapter 1,freedom,revelatory,instagram,Follow for more,www.ansiloboff.com,"#RediscoverJesus, #SpiritualTruth, #TruthSeeker"
quote_0161,Was he born with it?,Framing Jesus,Chapter 2,fear vs love,revelatory,all,What do you think?,www.ansiloboff.com,"#RediscoverJesus, #SpiritualTruth, #TruthSeeker"
quote_0162,Popping out of the womb already packing divine credentials?,Reality Unveiled,Introduction,divine potential,bold,all,Share your thoughts below,www.ansiloboff.com,"#RediscoverJesus, #SpiritualTruth, #TruthSeeker"
quote_0163,Did he earn it at his baptism?,Escape the Hell Myth,Chapter 1,manuscript evidence,bold,facebook,Learn more,www.ansiloboff.com,"#RediscoverJesus, #SpiritualTruth, #TruthSeeker, #Transformation, #SpiritualAwakening, #Awakening, #NewPerspective"
quote_0164,Like some kind of spiritual promotion ceremony?,Reality Unveiled,Chapter 2,manuscript evidence,challenging,facebook,Discover the full story,www.ansiloboff.com,"#RediscoverJesus, #SpiritualTruth, #TruthSeeker, #Transformation, #SpiritualAwakening, #Awakening, #NewPerspective"
quote_0165,Was he just a regular human with Joseph as his biological father?,Framing Jesus,Introduction,textual changes,challenging,tiktok,Visit www.ansiloboff.com,www.ansiloboff.com,"#RediscoverJesus, #SpiritualTruth, #TruthSeeker"
quote_0166,Who got adopted by God at his baptism?,Reality Unveiled,Chapter 2,transformation,prophetic,all,Comment your thoughts,www.ansiloboff.com,"#RediscoverJesus, #SpiritualTruth, #TruthSeeker, #Transformation, #SpiritualAwakening, #Awakening, #NewPerspective"
quote_0167,A view known as adoptionism.,Escape the Hell Myth,Chapter 2,textual changes,empathetic,facebook,Learn more,www.ansiloboff.com,"#RediscoverJesus, #SpiritualTruth, #TruthSeeker, #Transformation, #SpiritualAwakening, #Awakening, #NewPerspective"
quote_0168,"And once he was divine, what was his relationship to the Father?",Liberating Humanity,Chapter 1,healing,bold,facebook,Share if this resonated,www.ansiloboff.com,"#RediscoverJesus, #SpiritualTruth, #TruthSeeker, #Transformation, #SpiritualAwakening, #Awakening, #NewPerspective"
quote_0169,Was he God's equal partner in the cosmic business?,Escape the Hell Myth,Chapter 2,Father's love,revelatory,instagram,Learn more,www.ansiloboff.com,"#RediscoverJesus, #SpiritualTruth, #TruthSeeker"
quote_0170,Or was he more like a junior executive who reports to the CEO?,Reality Unveiled,Chapter 1,divine potential,empowering,all,Discover the full story,www.ansiloboff.com,"#RediscoverJesus, #SpiritualTruth, #TruthSeeker"
quote_0171,Was he subordinate to the Father only during his earthly mission?,Liberating Humanity,Introduction,freedom,challenging,facebook,Comment below,www.ansiloboff.com,"#RediscoverJesus, #SpiritualTruth, #TruthSeeker, #HellMyth, #EternalFire, #LoveNotFear, #NoMoreFear"
quote_0172,As Paul suggests in Philippians.,Framing Jesus,Introduction,Father's love,bold,tiktok,Learn more,www.ansiloboff.com,"#RediscoverJesus, #SpiritualTruth, #TruthSeeker"
quote_0173,Or was he always subordinate to the Father?,Escape the Hell Myth,Chapter 1,transformation,gentle,instagram,Share your thoughts below,www.ansiloboff.com,"#RediscoverJesus, #SpiritualTruth, #TruthSeeker, #FathersLove, #TrueGod, #LoveNotFear, #Restoration"
quote_0174,These aren't just theological nitpicks.,Liberating Humanity,Chapter 2,consciousness,challenging,facebook,Discover the full story,www.ansiloboff.com,"#RediscoverJesus, #SpiritualTruth, #TruthSeeker, #FathersLove, #TrueGod, #LoveNotFear, #Restoration"
quote_0175,"As we'll discover, these ideological wars weren't fought in some distant theological ivory tower.",Reality Unveiled,Chapter 2,Father's love,gentle,facebook,Learn more,www.ansiloboff.com,"#RediscoverJesus, #SpiritualTruth, #TruthSeeker, #Healing, #SpiritualHealing, #Transformation, #Recovery"
quote_0176,They were fought in the very manuscripts that became your Bible.,Escape the Hell Myth,Chapter 1,transformation,prophetic,all,Learn more,www.ansiloboff.com,"#RediscoverJesus, #SpiritualTruth, #TruthSeeker, #FathersLove, #TrueGod, #LoveNotFear, #Restoration"
quote_0177,The victors didn't just win debates.,Liberating Humanity,Chapter 1,manuscript evidence,healing,instagram,Discover the full story,www.ansiloboff.com,"#RediscoverJesus, #SpiritualTruth, #TruthSeeker, #Healing, #SpiritualHealing, #Transformation, #Recovery"
quote_0178,They rewrote history.,Framing Jesus,Chapter 1,truth,empathetic,facebook,Discover the full story,www.ansiloboff.com,"#RediscoverJesus, #SpiritualTruth, #TruthSeeker, #DivinePotential, #YouAreGods, #Consciousness, #RealityCreation"
quote_0179,This book will help us get to the good stuff.,Escape the Hell Myth,Chapter 1,freedom,challenging,facebook,Share your thoughts below,www.ansiloboff.com,"#RediscoverJesus, #SpiritualTruth, #TruthSeeker, #Truth, #HonestFaith, #QuestionEverything, #SeekTruth"
quote_0180,The evidence.,Escape the Hell Myth,Introduction,fear vs love,healing,facebook,What do you think?,www.ansiloboff.com,"#RediscoverJesus, #SpiritualTruth, #TruthSeeker"
quote_0181,This isn't late-night conspiracy theory material.,Escape the Hell Myth,Introduction,transformation,empathetic,instagram,Comment below,www.ansiloboff.com,"#RediscoverJesus, #SpiritualTruth, #TruthSeeker, #Transformation, #SpiritualAwakening, #Awakening, #NewPerspective"
quote_0182,Or theological fan fiction.,Framing Jesus,Chapter 2,truth,revelatory,facebook,Comment your thoughts,www.ansiloboff.com,"#RediscoverJesus, #SpiritualTruth, #TruthSeeker, #DivinePotential, #YouAreGods, #Consciousness, #RealityCreation"
quote_0183,"We're talking about concrete, verifiable clues.",Liberating Humanity,Introduction,healing,gentle,all,Share your thoughts below,www.ansiloboff.com,"#RediscoverJesus, #SpiritualTruth, #TruthSeeker, #Consciousness, #QuantumConsciousness, #MindOverMatter, #Reality"
quote_0184,That create a trail of breadcrumbs.,Liberating Humanity,Chapter 1,Jesus vs Yahweh,bold,instagram,Learn more,www.ansiloboff.com,"#RediscoverJesus, #SpiritualTruth, #TruthSeeker, #Healing, #SpiritualHealing, #Transformation, #Recovery"
quote_0185,Leading us back to the original Jesus.,Escape the Hell Myth,Introduction,divine potential,defiant,tiktok,Visit www.ansiloboff.com,www.ansiloboff.com,"#RediscoverJesus, #SpiritualTruth, #TruthSeeker"
quote_0186,We're trying to discover his untainted teachings.,Framing Jesus,Introduction,hell myth,revelatory,instagram,Learn more,www.ansiloboff.com,"#RediscoverJesus, #SpiritualTruth, #TruthSeeker"
quote_0187,"Because there is no question there is wisdom, truth and power in those words.",Escape the Hell Myth,Introduction,fear vs love,transformative,all,Share with someone who needs this,www.ansiloboff.com,"#RediscoverJesus, #SpiritualTruth, #TruthSeeker"
quote_0188,That go beyond the insecurities of institutions and governments.,Framing Jesus,Chapter 1,consciousness,bold,all,Double tap if this resonates,www.ansiloboff.com,"#RediscoverJesus, #SpiritualTruth, #TruthSeeker"
quote_0189,There is no doubt in my mind as to his divinity.,Liberating Humanity,Introduction,divine potential,revelatory,all,Follow for more truth,www.ansiloboff.com,"#RediscoverJesus, #SpiritualTruth, #TruthSeeker, #FathersLove, #TrueGod, #LoveNotFear, #Restoration"
quote_0190,He kept pointing to us to alert us to our own divinity.,Escape the Hell Myth,Chapter 1,truth,empowering,all,Save this post,www.ansiloboff.com,"#RediscoverJesus, #SpiritualTruth, #TruthSeeker"
quote_0191,But here's where it gets interesting.,Framing Jesus,Introduction,truth,transformative,all,Visit www.ansiloboff.com,www.ansiloboff.com,"#RediscoverJesus, #SpiritualTruth, #TruthSeeker"
quote_0192,Instead of backing down or clarifying that he's not claiming to be God.,Framing Jesus,Introduction,hell myth,bold,instagram,Comment below,www.ansiloboff.com,"#RediscoverJesus, #SpiritualTruth, #TruthSeeker"
quote_0193,Jesus quotes Psalm 82.,Framing Jesus,Chapter 2,Jesus vs Yahweh,bold,instagram,Share if this resonated,www.ansiloboff.com,"#RediscoverJesus, #SpiritualTruth, #TruthSeeker, #Freedom, #Liberation, #FreeFromFear, #SpiritualFreedom"
quote_0194,"Is it not written in your Law, 'I have said you are gods'?",Reality Unveiled,Chapter 2,Jesus vs Yahweh,defiant,facebook,What do you think?,www.ansiloboff.com,"#RediscoverJesus, #SpiritualTruth, #TruthSeeker, #DivinePotential, #YouAreGods, #Consciousness, #RealityCreation"
quote_0195,He's basically saying.,Reality Unveiled,Chapter 2,Father's love,empowering,instagram,Tag someone who needs to hear this,www.ansiloboff.com,"#RediscoverJesus, #SpiritualTruth, #TruthSeeker"
quote_0196,"Look, if Scripture calls you gods.",Liberating Humanity,Chapter 1,hell myth,transformative,tiktok,Comment below,www.ansiloboff.com,"#RediscoverJesus, #SpiritualTruth, #TruthSeeker, #Truth, #HonestFaith, #QuestionEverything, #SeekTruth"
quote_0197,"Why are you so upset when, according to you, I make statements suggesting the same about myself?",Framing Jesus,Chapter 2,Father's love,bold,facebook,Tag someone who needs to hear this,www.ansiloboff.com,"#RediscoverJesus, #SpiritualTruth, #TruthSeeker"
quote_0198,That's the Jesus I'm talking about.,Framing Jesus,Chapter 1,truth,bold,tiktok,Share your thoughts below,www.ansiloboff.com,"#RediscoverJesus, #SpiritualTruth, #TruthSeeker, #HellMyth, #EternalFire, #LoveNotFear, #NoMoreFear"
quote_0199,The one who addressed the question about a perceived divinity claim.,Reality Unveiled,Introduction,transformation,defiant,all,Read the book,www.ansiloboff.com,"#RediscoverJesus, #SpiritualTruth, #TruthSeeker"
quote_0200,By pointing to our shared divine nature.,Liberating Humanity,Introduction,divine potential,gentle,all,Share if this resonated,www.ansiloboff.com,"#RediscoverJesus, #SpiritualTruth, #TruthSeeker, #Consciousness, #QuantumConsciousness, #MindOverMatter, #Reality"
